{
  "labels": [
    "2024-06",
    "2024-07",
    "2024-08",
    "2024-09",
    "2024-10",
    "2024-11",
    "2024-12",
    "2025-01",
    "2025-02",
    "2025-03",
    "2025-04",
    "2025-05",
    "2025-06",
    "2025-07",
    "2025-08",
    "2025-09",
    "2025-10",
    "2025-11",
    "2025-12"
  ],
  "cumulative_growth": [
    0.000993,
    0.982133,
    1.0933,
    1.174875,
    1.198111,
    1.220806,
    1.221803,
    1.268591,
    1.283895,
    1.30408,
    1.37371,
    1.390082,
    1.395706,
    1.376003,
    1.381903,
    1.419477,
    1.42584,
    1.427301,
    1.439477
  ],
  "incremental_growth": [
    0,
    0.98114,
    0.111167,
    0.081575,
    0.023236,
    0.022695,
    0.000997,
    0.046788,
    0.015304,
    0.020184,
    0.06963,
    0.016372,
    0.005624,
    -0.019703,
    0.005899,
    0.037574,
    0.006362,
    0.001462,
    0.012175
  ],
  "summary": {
    "total_growth_pct": 43.95,
    "total_growth_dollar": 2259476.79,
    "growth_2024_pct": 24.4,
    "growth_2025_pct": 17.82,
    "current_multiplier": 1.4395,
    "current_assets": 7400766.81
  },
  "total_assets": [
    99.28,
    99305.66,
    109330.0,
    117487.47,
    119811.11,
    124957.39,
    125059.43,
    309502.63,
    576119.58,
    942283.5,
    1279476.36,
    1374730.23,
    1815609.06,
    4489388.19,
    5976908.92,
    6007878.37,
    6001272.02,
    7370783.91,
    7400766.81
  ],
  "usdi_circulation": [
    100000.0,
    100000.0,
    100000.0,
    100000.0,
    100000.0,
    122827.76,
    122827.76,
    309827.74,
    569850.31,
    927567.96,
    1218193.28,
    1342717.94,
    1783600.05,
    4473390.32,
    5930185.76,
    5947721.95,
    5934869.4,
    7329655.61,
    7297223.15
  ]
}