{
  "labels": [
    "2024-06",
    "2024-07",
    "2024-08",
    "2024-09",
    "2024-10",
    "2024-11",
    "2024-12",
    "2025-01",
    "2025-02",
    "2025-03",
    "2025-04",
    "2025-05",
    "2025-06",
    "2025-07",
    "2025-08",
    "2025-09",
    "2025-10",
    "2025-11",
    "2025-12"
  ],
  "cumulative_growth": [
    0.000993,
    0.982133,
    1.0933,
    1.174875,
    1.198111,
    1.220806,
    1.221803,
    1.268591,
    1.283895,
    1.30408,
    1.37371,
    1.390082,
    1.395706,
    1.376003,
    1.381903,
    1.419477,
    1.42584,
    1.427301,
    1.439477
  ],
  "incremental_growth": [
    0,
    0.98114,
    0.111167,
    0.081575,
    0.023236,
    0.022695,
    0.000997,
    0.046788,
    0.015304,
    0.020184,
    0.06963,
    0.016372,
    0.005624,
    -0.019703,
    0.005899,
    0.037574,
    0.006362,
    0.001462,
    0.012175
  ],
  "summary": {
    "total_growth_pct": 43.95,
    "total_growth_dollar": 2259476.79,
    "growth_2024_pct": 24.4,
    "growth_2025_pct": 17.82,
    "current_multiplier": 1.4395,
    "current_assets": 7400766.81
  }
}